carrier_name,statement_id,line_id,policy_number,insured_name,effective_date,txn_date,written_premium,gross_commission,txn_type
Wilson Mutual,STMT-202602-WILSON-01,L-00001,POL-000001,Maya Smith,2025-09-05,2025-09-20,5890.98,1016.58,endorsement
Northfield Specialty,STMT-202602-NORTHFIELD-01,L-00002,POL-000002,John Smith,2025-12-07,2025-12-20,6123.46,908.50,endorsement
Summit National,STMT-202602-SUMMIT-01,L-00003,POL-000003,Alex Clark,2025-09-03,2025-09-03,19066.66,1310.62,renewal
Wilson Mutual,STMT-202602-WILSON-01,L-00004,POL-000004,Taylor Wilson,2025-12-02,2025-12-07,9746.21,-1085.87,clawback
Northfield Specialty,STMT-202602-NORTHFIELD-01,L-00005,POL-000005,Morgan Johnson,2025-04-16,2025-05-04,20803.35,3148.24,renewal
Summit National,STMT-202602-SUMMIT-01,L-00006,POL-000006,John Brown,2025-08-28,2025-09-02,21440.82,4201.69,renewal
Wilson Mutual,STMT-202602-WILSON-01,L-00007,POL-000007,Chris Wilson,2025-07-26,2025-08-08,16886.31,2808.66,endorsement
Northfield Specialty,STMT-202602-NORTHFIELD-01,L-00008,POL-000008,Riley Brown,2025-11-01,2025-11-30,9734.60,2123.25,endorsement
Summit National,STMT-202602-SUMMIT-01,L-00009,POL-000009,Taylor Smith,2025-08-15,2025-09-09,6986.43,544.78,endorsement
Wilson Mutual,STMT-202602-WILSON-01,L-00010,POL-000010,Alex Moore,2025-02-28,2025-03-29,3914.64,254.97,endorsement
Northfield Specialty,STMT-202602-NORTHFIELD-01,L-00011,POL-000011,Sam Moore,2025-07-22,2025-08-05,24934.21,1618.22,renewal
Summit National,STMT-202602-SUMMIT-01,L-00012,POL-000012,Chris Davis,2025-02-09,2025-03-08,15071.66,1646.70,endorsement
Wilson Mutual,STMT-202602-WILSON-01,L-00013,POL-000013,Jordan Johnson,2025-08-26,2025-09-22,4290.68,174.13,endorsement
Northfield Specialty,STMT-202602-NORTHFIELD-01,L-00014,POL-000014,Riley Johnson,2025-03-09,2025-03-28,21105.07,2772.77,new
Summit National,STMT-202602-SUMMIT-01,L-00015,POL-000015,Riley Thomas,2026-01-23,2026-03-02,8374.24,364.33,renewal
Wilson Mutual,STMT-202602-WILSON-01,L-00016,POL-000016,Taylor Clark,2025-12-14,2026-01-21,18404.93,3439.59,endorsement
Northfield Specialty,STMT-202602-NORTHFIELD-01,L-00017,POL-000017,Avery Thomas,2025-03-19,2025-04-15,24123.33,4998.46,endorsement
Summit National,STMT-202602-SUMMIT-01,L-00018,POL-000018,Morgan Wilson,2025-06-13,2025-07-16,11506.56,973.72,new
Wilson Mutual,STMT-202602-WILSON-01,L-00019,POL-000019,Sam Brown,2026-01-20,2026-01-24,17812.89,901.28,new
Northfield Specialty,STMT-202602-NORTHFIELD-01,L-00020,POL-000020,Riley Brown,2025-09-03,2025-10-15,12341.20,1691.51,endorsement
Summit National,STMT-202602-SUMMIT-01,L-00021,POL-000021,Maya Moore,2025-07-26,2025-08-22,10513.12,2055.22,new
Wilson Mutual,STMT-202602-WILSON-01,L-00022,POL-000022,Morgan Wilson,2025-11-29,2025-12-14,5113.12,698.10,new
Northfield Specialty,STMT-202602-NORTHFIELD-01,L-00023,POL-000023,Alex Brown,2025-12-16,2026-01-13,20277.35,3935.31,new
Summit National,STMT-202602-SUMMIT-01,L-00024,POL-000024,Taylor Davis,2025-06-29,2025-09-17,12241.42,2394.88,new
Wilson Mutual,STMT-202602-WILSON-01,L-00025,POL-000025,Alex Garcia,2025-06-21,2025-08-04,23950.01,5249.27,endorsement
Northfield Specialty,STMT-202602-NORTHFIELD-01,L-00026,POL-000026,Taylor Garcia,2025-10-04,2025-10-07,14647.84,2015.47,endorsement
Summit National,STMT-202602-SUMMIT-01,L-00027,POL-000027,Sam Anderson,2025-05-11,2025-06-13,4272.85,909.86,new
Wilson Mutual,STMT-202602-WILSON-02,L-00028,POL-000028,"Moore, Taylor",2025-11-23,2025-12-29,6456.90,949.25,endorsement
Northfield Specialty,STMT-202602-NORTHFIELD-02,L-00029,POL-000029,Taylor Wilson,2025-09-23,2025-10-09,10136.33,1630.98,renewal
Summit National,STMT-202602-SUMMIT-02,L-00030,POL-000030,John Anderson,2025-03-11,2025-04-16,24903.97,1324.57,new
Wilson Mutual,STMT-202602-WILSON-02,L-00031,POL-000031,Jordan Johnson,2025-09-20,2025-10-13,7410.69,880.93,endorsement
Northfield Specialty,STMT-202602-NORTHFIELD-02,L-00032,POL-000032,"Garcia, Riley",2025-02-18,2025-02-24,23497.68,1507.90,new
Summit National,STMT-202602-SUMMIT-02,L-00033,POL-000033,Avery Clark,2025-10-08,2025-11-22,8834.86,1446.70,renewal
Wilson Mutual,STMT-202602-WILSON-02,L-00034,POL-000034,John Johnson,2025-03-05,2025-04-01,20801.96,997.15,renewal
Northfield Specialty,STMT-202602-NORTHFIELD-02,L-00035,POL-000035,Alex Thomas,2025-06-19,2025-07-24,637.87,34.15,endorsement
Summit National,STMT-202602-SUMMIT-02,L-00036,POL-000036,Sam Thomas,2025-11-09,2025-12-06,3535.16,337.56,new
Wilson Mutual,STMT-202602-WILSON-02,L-00037,POL-000037,Jordan Thomas,2025-06-29,2025-08-07,18837.15,3892.46,new
Northfield Specialty,STMT-202602-NORTHFIELD-02,L-00038,POL-000038,John Davis,2025-08-06,2025-09-01,20134.98,3937.02,new
Summit National,STMT-202602-SUMMIT-02,L-00039,POL-000039,Morgan Smith,2025-05-28,2025-06-11,5309.49,1090.15,renewal
Wilson Mutual,STMT-202602-WILSON-02,L-00040,POL-000040,John Brown,2025-07-03,2025-07-24,7253.64,380.79,renewal
Northfield Specialty,STMT-202602-NORTHFIELD-02,L-00041,POL-000041,John Johnson,2025-09-12,2025-09-23,14682.51,3186.68,new
Summit National,STMT-202602-SUMMIT-02,L-00042,POL-000042,Jordan Moore,2025-03-19,2025-04-20,3244.89,655.18,new
Wilson Mutual,STMT-202602-WILSON-02,L-00043,POL-000043,John Thomas,2025-04-23,2025-06-05,18097.98,3140.92,endorsement
Northfield Specialty,STMT-202602-NORTHFIELD-02,L-00044,POL-000044,Maya Wilson,2025-03-10,2025-03-30,16719.33,1043.83,renewal
Summit National,STMT-202602-SUMMIT-02,L-00045,POL-000045,Morgan Garcia,2025-04-15,2025-04-23,5119.27,817.48,renewal
Wilson Mutual,STMT-202602-WILSON-02,L-00046,POL-000046,Morgan Thomas,2026-01-23,2026-02-11,7458.08,875.43,endorsement
Northfield Specialty,STMT-202602-NORTHFIELD-02,L-00047,POL-000047,Alex Anderson,2025-02-12,2025-02-25,12974.88,2372.75,endorsement
Summit National,STMT-202602-SUMMIT-02,L-00048,POL-000048,Riley Clark,2025-08-05,2025-08-10,20533.22,-2364.46,clawback
Wilson Mutual,STMT-202602-WILSON-02,L-00049,POL-000049,John Brown,2025-05-25,2025-07-03,21303.55,1131.41,renewal
Northfield Specialty,STMT-202602-NORTHFIELD-02,L-00050,POL-000050,Alex Moore,2025-09-21,2025-09-30,16539.03,678.07,new
Summit National,STMT-202602-SUMMIT-02,L-00051,POL-000051,Riley Anderson,2025-12-29,2026-02-02,6530.28,1258.39,renewal
Wilson Mutual,STMT-202602-WILSON-02,L-00052,POL-000052,Alex Clark,2025-05-10,2025-06-06,20832.00,2887.67,new
Northfield Specialty,STMT-202602-NORTHFIELD-02,L-00053,POL-000053,Taylor Garcia,2025-06-12,2025-06-16,17953.20,1475.91,renewal
Summit National,STMT-202602-SUMMIT-02,L-00054,POL-000054,Chris Brown,2025-07-11,2025-08-24,4159.01,326.53,renewal
Wilson Mutual,STMT-202602-WILSON-03,L-00055,POL-000055,Morgan Smith,2025-10-10,2025-11-05,9981.13,1782.26,endorsement
Northfield Specialty,STMT-202602-NORTHFIELD-03,L-00056,POL-000056,John Wilson,2025-08-24,2025-09-17,21394.82,4527.52,renewal
Summit National,STMT-202602-SUMMIT-03,L-00057,POL-000057,Taylor Garcia,2025-06-14,2025-07-15,1114.01,111.96,endorsement
Wilson Mutual,STMT-202602-WILSON-03,L-00058,POL-000058,Chris Clark,2025-04-25,2025-04-26,22710.45,3328.01,endorsement
Northfield Specialty,STMT-202602-NORTHFIELD-03,L-00059,POL-000059,Chris Anderson,2025-10-22,2025-10-25,6799.85,672.66,renewal
Summit National,STMT-202602-SUMMIT-03,L-00060,POL-000060,Avery Moore,2025-09-16,2025-09-21,11969.55,2092.57,new
Wilson Mutual,STMT-202602-WILSON-03,L-00061,POL-000061,John Brown,2025-10-13,2025-10-14,15684.86,1300.87,renewal
Northfield Specialty,STMT-202602-NORTHFIELD-03,L-00062,POL-000062,Alex Garcia,2025-07-19,2025-07-29,15304.96,3267.18,endorsement
Summit National,STMT-202602-SUMMIT-03,L-00063,POL-000063,Maya Clark,2026-01-10,2026-01-29,14564.60,2963.09,renewal
Wilson Mutual,STMT-202602-WILSON-03,L-00064,POL-000064,"Brown, Sam",2025-12-02,2026-01-15,19403.03,3745.81,endorsement
Northfield Specialty,STMT-202602-NORTHFIELD-03,L-00065,POL-000065,Riley Moore,2025-02-19,2025-03-14,2096.34,328.20,new
Summit National,STMT-202602-SUMMIT-03,L-00066,POL-000066,Morgan Wilson,2025-03-04,2025-04-02,17799.79,2107.28,endorsement
Wilson Mutual,STMT-202602-WILSON-03,L-00067,POL-000067,Alex Moore,2025-03-26,2025-04-12,8328.69,701.19,new
Northfield Specialty,STMT-202602-NORTHFIELD-03,L-00068,POL-000068,Alex Clark,2025-03-17,2025-06-23,9723.14,439.16,renewal
Summit National,STMT-202602-SUMMIT-03,L-00069,POL-000069,Jordan Garcia,2025-03-24,2025-05-07,22050.64,3088.02,endorsement
Wilson Mutual,STMT-202602-WILSON-03,L-00070,POL-000070,Morgan Anderson,2025-04-14,2025-04-29,17388.99,2717.25,renewal
Northfield Specialty,STMT-202602-NORTHFIELD-03,L-00071,POL-000071,Avery Brown,2025-06-30,2025-08-13,6385.31,1018.54,renewal
Summit National,STMT-202602-SUMMIT-03,L-00072,POL-000072,"Wilson, Riley",2025-07-27,2025-09-09,11562.13,1100.62,new
Wilson Mutual,STMT-202602-WILSON-03,L-00073,POL-000073,Maya Thomas,2025-02-04,2025-02-15,5111.91,884.10,renewal
Northfield Specialty,STMT-202602-NORTHFIELD-03,L-00074,POL-000074,Taylor Garcia,2025-09-29,2025-10-22,4814.26,204.83,endorsement
Summit National,STMT-202602-SUMMIT-03,L-00075,POL-000075,John Thomas,2025-08-27,2025-10-10,23624.60,3657.48,renewal
Wilson Mutual,STMT-202602-WILSON-03,L-00076,POL-000076,"Anderson, Alex",2025-06-12,2025-07-03,4935.35,243.06,renewal
Northfield Specialty,STMT-202602-NORTHFIELD-03,L-00077,POL-000077,Maya Clark,2025-03-07,2025-04-19,1718.78,114.91,endorsement
Summit National,STMT-202602-SUMMIT-03,L-00078,POL-000078,Maya Thomas,2025-06-24,2025-08-01,15064.72,2279.52,endorsement
Wilson Mutual,STMT-202602-WILSON-03,L-00079,POL-000079,Avery Clark,2025-06-18,2025-07-07,14388.28,731.52,endorsement
Northfield Specialty,STMT-202602-NORTHFIELD-03,L-00080,POL-000080,Avery Johnson,2025-11-04,2025-11-19,4675.81,250.21,new
Summit National,STMT-202602-SUMMIT-03,L-00081,POL-000081,John Brown,2025-08-29,2025-10-13,7354.87,1432.21,new
Wilson Mutual,STMT-202602-WILSON-04,L-00082,POL-000082,Sam Brown,2025-06-20,2025-06-27,13796.23,2160.13,renewal
Northfield Specialty,STMT-202602-NORTHFIELD-04,L-00083,POL-000083,Chris Garcia,2025-03-25,2025-04-30,23061.34,2745.40,renewal
Summit National,STMT-202602-SUMMIT-04,L-00084,POL-000084,Avery Thomas,2025-04-22,2025-05-23,11168.87,1649.05,renewal
Wilson Mutual,STMT-202602-WILSON-04,L-00085,POL-000085,Maya Brown,2025-02-12,2025-03-20,14843.22,649.16,endorsement
Northfield Specialty,STMT-202602-NORTHFIELD-04,L-00086,POL-000086,Alex Thomas,2025-02-24,2025-03-24,22935.39,1666.67,endorsement
Summit National,STMT-202602-SUMMIT-04,L-00087,POL-000087,Alex Wilson,2025-06-28,2025-07-19,8298.03,488.16,new
Wilson Mutual,STMT-202602-WILSON-04,L-00088,POL-000088,"Moore, Avery",2025-04-17,2025-04-19,11588.72,1119.62,renewal
Northfield Specialty,STMT-202602-NORTHFIELD-04,L-00089,POL-000089,Morgan Smith,2025-10-19,2025-11-21,9299.77,1638.25,endorsement
Summit National,STMT-202602-SUMMIT-04,L-00090,POL-000090,Avery Thomas,2025-11-17,2025-12-05,11177.66,1851.97,new
Wilson Mutual,STMT-202602-WILSON-04,L-00091,POL-000091,Avery Thomas,2026-01-16,2026-02-20,10436.57,839.58,new
Northfield Specialty,STMT-202602-NORTHFIELD-04,L-00092,POL-000092,Alex Garcia,2025-05-08,2025-06-22,7126.25,1355.77,renewal
Summit National,STMT-202602-SUMMIT-04,L-00093,POL-000093,Taylor Clark,2025-05-08,2025-05-16,21655.06,1942.99,renewal
Wilson Mutual,STMT-202602-WILSON-04,L-00094,POL-000094,Avery Garcia,2025-03-29,2025-05-05,24973.00,3199.92,new
Northfield Specialty,STMT-202602-NORTHFIELD-04,L-00095,POL-000095,Jordan Thomas,2025-04-20,2025-05-14,11601.48,1136.02,new
Summit National,STMT-202602-SUMMIT-04,L-00096,POL-000096,Taylor Moore,2026-01-01,2026-01-21,18719.75,3125.09,renewal
Wilson Mutual,STMT-202602-WILSON-04,L-00097,POL-000097,John Davis,2025-05-11,2025-06-17,8567.07,497.45,renewal
Northfield Specialty,STMT-202602-NORTHFIELD-04,L-00098,POL-000098,Chris Moore,2025-02-22,2025-03-03,2240.77,404.85,renewal
Summit National,STMT-202602-SUMMIT-04,L-00099,POL-000099,Jordan Thomas,2025-07-13,2025-08-02,15819.26,3159.72,renewal
Wilson Mutual,STMT-202602-WILSON-04,L-00100,POL-000100,"Garcia, Taylor",2025-09-29,2025-10-04,11075.70,639.29,endorsement
Northfield Specialty,STMT-202602-NORTHFIELD-04,L-00101,POL-000101,John Smith,2025-08-10,2025-08-13,7616.85,818.59,new
Summit National,STMT-202602-SUMMIT-04,L-00102,POL-000102,Chris Davis,2025-12-14,2026-01-22,21822.65,3307.18,new
Wilson Mutual,STMT-202602-WILSON-04,L-00103,POL-000103,Alex Garcia,2025-06-02,2025-06-18,16804.28,3391.16,renewal
Northfield Specialty,STMT-202602-NORTHFIELD-04,L-00104,POL-000104,Alex Wilson,2025-03-29,2025-04-17,16117.89,1875.73,renewal
Summit National,STMT-202602-SUMMIT-04,L-00105,POL-000105,Taylor Moore,2025-04-06,2025-04-28,14540.37,3179.75,renewal
Wilson Mutual,STMT-202602-WILSON-04,L-00106,POL-000106,John Clark,2025-02-06,2025-02-09,22801.18,3970.39,renewal
Northfield Specialty,STMT-202602-NORTHFIELD-04,L-00107,POL-000107,Taylor Clark,2025-09-17,2025-10-30,18987.20,3382.47,endorsement
Summit National,STMT-202602-SUMMIT-04,L-00108,POL-000108,Avery Anderson,2026-01-06,2026-02-12,9375.59,596.79,renewal
Wilson Mutual,STMT-202602-WILSON-05,L-00109,POL-000109,Taylor Davis,2025-04-22,2025-05-15,13458.97,2751.39,new
Northfield Specialty,STMT-202602-NORTHFIELD-05,L-00110,POL-000110,Jordan Johnson,2025-05-29,2025-06-02,3862.62,826.48,endorsement
Summit National,STMT-202602-SUMMIT-05,L-00111,POL-000111,Maya Moore,2026-01-16,2026-02-01,13599.68,1657.28,endorsement
Wilson Mutual,STMT-202602-WILSON-05,L-00112,POL-000112,Jordan Johnson,2025-02-12,2025-02-26,11998.33,1817.97,endorsement
Northfield Specialty,STMT-202602-NORTHFIELD-05,L-00113,POL-000113,Avery Moore,2025-11-25,2025-12-03,1515.53,70.77,renewal
Summit National,STMT-202602-SUMMIT-05,L-00114,POL-000114,Riley Davis,2025-07-09,2025-08-07,9526.88,2009.11,endorsement
Wilson Mutual,STMT-202602-WILSON-05,L-00115,POL-000115,Morgan Johnson,2025-05-18,2025-06-26,10439.65,2205.63,new
Northfield Specialty,STMT-202602-NORTHFIELD-05,L-00116,POL-000116,Alex Anderson,2025-09-25,2025-10-18,2844.12,464.79,endorsement
Summit National,STMT-202602-SUMMIT-05,L-00117,POL-000117,Maya Anderson,2025-12-08,2026-01-19,5617.80,871.37,new
Wilson Mutual,STMT-202602-WILSON-05,L-00118,POL-000118,Chris Clark,2025-10-10,2025-10-14,20813.52,2908.84,endorsement
Northfield Specialty,STMT-202602-NORTHFIELD-05,L-00119,POL-000119,Chris Clark,2026-01-22,2026-02-08,21516.79,1421.05,new
Summit National,STMT-202602-SUMMIT-05,L-00120,POL-000120,Maya Smith,2025-11-17,2025-11-17,9212.76,1675.96,endorsement
Wilson Mutual,STMT-202602-WILSON-05,L-00121,POL-000121,Chris Moore,2025-04-29,2025-05-06,18743.37,2356.50,renewal
Northfield Specialty,STMT-202602-NORTHFIELD-05,L-00122,POL-000122,Riley Brown,2025-03-15,2025-03-17,18290.18,3723.43,endorsement
Summit National,STMT-202602-SUMMIT-05,L-00123,POL-000123,John Smith,2025-05-23,2025-06-17,10886.33,647.01,endorsement
Wilson Mutual,STMT-202602-WILSON-05,L-00124,POL-000124,Jordan Clark,2025-11-09,2025-11-13,3504.31,-533.18,clawback
Northfield Specialty,STMT-202602-NORTHFIELD-05,L-00125,POL-000125,Riley Clark,2025-06-17,2025-06-23,19910.16,1206.45,endorsement
Summit National,STMT-202602-SUMMIT-05,L-00126,POL-000126,Alex Brown,2025-06-26,2025-07-17,20754.51,2319.76,endorsement
Wilson Mutual,STMT-202602-WILSON-05,L-00127,POL-000127,Jordan Garcia,2025-07-16,2025-07-25,17295.80,2168.34,new
Northfield Specialty,STMT-202602-NORTHFIELD-05,L-00128,POL-000128,Maya Wilson,2025-11-18,2026-01-24,1875.53,397.97,endorsement
Summit National,STMT-202602-SUMMIT-05,L-00129,POL-000129,John Garcia,2025-03-22,2025-04-10,9050.50,1303.50,new
Wilson Mutual,STMT-202602-WILSON-05,L-00130,POL-000130,Maya Wilson,2025-04-14,2025-05-07,3226.18,290.82,new
Northfield Specialty,STMT-202602-NORTHFIELD-05,L-00131,POL-000131,John Davis,2025-09-06,2025-10-20,19155.27,3943.62,renewal
Summit National,STMT-202602-SUMMIT-05,L-00132,POL-000132,Sam Moore,2025-12-19,2025-12-28,18627.84,4003.60,new
Wilson Mutual,STMT-202602-WILSON-05,L-00133,POL-000133,Jordan Garcia,2025-08-10,2025-09-15,15067.10,2998.38,new
Northfield Specialty,STMT-202602-NORTHFIELD-05,L-00134,POL-000134,Avery Anderson,2025-02-19,2025-03-18,12347.28,1476.34,renewal
Summit National,STMT-202602-SUMMIT-05,L-00135,POL-000135,Morgan Johnson,2025-08-31,2025-10-13,17090.76,2180.68,endorsement
Wilson Mutual,STMT-202602-WILSON-06,L-00136,POL-000136,Morgan Clark,2025-12-26,2026-02-07,5428.81,1140.91,new
Northfield Specialty,STMT-202602-NORTHFIELD-06,L-00137,POL-000137,Alex Moore,2025-10-26,2025-11-03,9753.10,1625.46,endorsement
Summit National,STMT-202602-SUMMIT-06,L-00138,POL-000138,Morgan Smith,2025-06-14,2025-06-15,11709.95,632.52,renewal
Wilson Mutual,STMT-202602-WILSON-06,L-00139,POL-000139,Morgan Garcia,2025-11-26,2025-12-21,913.07,89.90,endorsement
Northfield Specialty,STMT-202602-NORTHFIELD-06,L-00140,POL-000140,Morgan Johnson,2025-09-21,2025-12-03,14886.23,1999.42,renewal
Summit National,STMT-202602-SUMMIT-06,L-00141,POL-000141,Maya Thomas,2025-03-05,2025-03-12,13452.88,1007.66,renewal
Wilson Mutual,STMT-202602-WILSON-06,L-00142,POL-000142,Maya Davis,2025-09-14,2025-09-26,4668.08,315.17,endorsement
Northfield Specialty,STMT-202602-NORTHFIELD-06,L-00143,POL-000143,Alex Clark,2025-04-02,2025-04-30,17155.88,3410.05,endorsement
Summit National,STMT-202602-SUMMIT-06,L-00144,POL-000144,Chris Anderson,2025-12-20,2026-01-19,11278.32,-574.86,clawback
Wilson Mutual,STMT-202602-WILSON-06,L-00145,POL-000145,Alex Anderson,2026-01-04,2026-01-07,9470.94,868.24,endorsement
Northfield Specialty,STMT-202602-NORTHFIELD-06,L-00146,POL-000146,Sam Thomas,2026-01-02,2026-01-30,22762.63,3252.74,new
Summit National,STMT-202602-SUMMIT-06,L-00147,POL-000147,John Anderson,2025-12-02,2025-12-23,24566.69,1355.57,endorsement
Wilson Mutual,STMT-202602-WILSON-06,L-00148,POL-000148,Alex Anderson,2025-04-30,2025-06-02,15401.21,1624.85,renewal
Northfield Specialty,STMT-202602-NORTHFIELD-06,L-00149,POL-000149,Jordan Johnson,2025-08-08,2025-08-14,14125.90,1547.94,renewal
Summit National,STMT-202602-SUMMIT-06,L-00150,POL-000150,Maya Clark,2025-02-18,2025-02-27,22951.96,2199.76,endorsement
Wilson Mutual,STMT-202602-WILSON-06,L-00151,POL-000151,Sam Johnson,2025-08-18,2025-09-22,9666.31,1764.09,new
Northfield Specialty,STMT-202602-NORTHFIELD-06,L-00152,POL-000152,Riley Wilson,2026-01-14,2026-02-06,7998.11,1689.28,renewal
Summit National,STMT-202602-SUMMIT-06,L-00153,POL-000153,Chris Johnson,2025-08-25,2025-08-31,12889.17,1767.86,endorsement
Wilson Mutual,STMT-202602-WILSON-06,L-00154,POL-000154,Sam Davis,2025-03-24,2025-04-17,4194.62,304.33,endorsement
Northfield Specialty,STMT-202602-NORTHFIELD-06,L-00155,POL-000155,John Moore,2025-07-21,2025-09-02,18101.81,3883.31,endorsement
Summit National,STMT-202602-SUMMIT-06,L-00156,POL-000156,Riley Brown,2025-08-18,2025-09-17,22637.77,-2016.83,clawback
Wilson Mutual,STMT-202602-WILSON-06,L-00157,POL-000157,Riley Thomas,2025-06-23,2025-07-03,20495.52,3775.82,new
Northfield Specialty,STMT-202602-NORTHFIELD-06,L-00158,POL-000158,Jordan Thomas,2025-12-02,2026-01-16,21208.95,4097.78,renewal
Summit National,STMT-202602-SUMMIT-06,L-00159,POL-000159,Alex Thomas,2025-11-09,2025-12-06,2656.15,541.56,renewal
Wilson Mutual,STMT-202602-WILSON-06,L-00160,POL-000160,"Moore, John",2025-05-11,2025-06-03,6200.14,1357.92,renewal
Northfield Specialty,STMT-202602-NORTHFIELD-06,L-00161,POL-000161,Jordan Davis,2025-11-14,2025-11-16,7457.23,1412.08,endorsement
Summit National,STMT-202602-SUMMIT-06,L-00162,POL-000162,Sam Smith,2025-12-14,2025-12-15,6695.73,1274.15,endorsement
Wilson Mutual,STMT-202602-WILSON-07,L-00163,POL-000163,Avery Brown,2025-08-22,2025-08-29,1574.64,181.98,endorsement
Northfield Specialty,STMT-202602-NORTHFIELD-07,L-00164,POL-000164,"Clark, Alex",2025-04-24,2025-04-25,15946.09,2288.40,endorsement
Summit National,STMT-202602-SUMMIT-07,L-00165,POL-000165,Sam Wilson,2025-09-22,2025-10-28,10647.56,1699.21,new
Wilson Mutual,STMT-202602-WILSON-07,L-00166,POL-000166,Riley Thomas,2025-05-09,2025-06-10,14032.14,1547.49,renewal
Northfield Specialty,STMT-202602-NORTHFIELD-07,L-00167,POL-000167,Avery Smith,2025-07-25,2025-07-29,8882.14,1527.10,endorsement
Summit National,STMT-202602-SUMMIT-07,L-00168,POL-000168,John Wilson,2025-04-19,2025-05-10,20412.32,1459.81,endorsement
Wilson Mutual,STMT-202602-WILSON-07,L-00169,POL-000169,Chris Johnson,2025-06-03,2025-06-05,7618.69,364.82,new
Northfield Specialty,STMT-202602-NORTHFIELD-07,L-00170,POL-000170,Riley Moore,2025-04-20,2025-05-20,6631.52,1164.44,new
Summit National,STMT-202602-SUMMIT-07,L-00171,POL-000171,Jordan Garcia,2025-11-21,2025-12-14,11149.00,1248.73,renewal
Wilson Mutual,STMT-202602-WILSON-07,L-00172,POL-000175,Alex Anderson,2025-07-19,2025-08-21,6961.33,381.97,renewal
Northfield Specialty,STMT-202602-NORTHFIELD-07,L-00173,POL-000173,Jordan Johnson,2025-12-14,2026-01-03,16658.61,1585.39,endorsement
Summit National,STMT-202602-SUMMIT-07,L-00174,POL-000174,Alex Wilson,2025-06-09,2025-06-11,18279.63,3730.68,endorsement
Wilson Mutual,STMT-202602-WILSON-07,L-00175,POL-000175,Maya Moore,2025-07-21,2025-08-22,20106.96,3263.24,new
Northfield Specialty,STMT-202602-NORTHFIELD-07,L-00176,POL-000179,Chris Johnson,2025-09-25,2025-11-05,9411.68,1025.06,endorsement
Summit National,STMT-202602-SUMMIT-07,L-00177,POL-000177,Jordan Wilson,2025-06-10,2025-06-14,14518.48,1964.39,renewal
Wilson Mutual,STMT-202602-WILSON-07,L-00178,POL-000178,Maya Smith,2025-10-20,2025-11-20,13136.53,2685.60,new
Northfield Specialty,STMT-202602-NORTHFIELD-07,L-00179,POL-000179,Taylor Clark,2025-08-30,2025-10-13,22945.38,2946.55,new
Summit National,STMT-202602-SUMMIT-07,L-00180,POL-000180,Chris Anderson,2025-12-10,2026-02-20,24202.01,5265.96,endorsement
Wilson Mutual,STMT-202602-WILSON-07,L-00181,POL-000181,Chris Davis,2025-07-22,2025-08-23,5916.34,1285.76,new
Northfield Specialty,STMT-202602-NORTHFIELD-07,L-00182,POL-000182,Jordan Thomas,2025-04-05,2025-04-28,11898.18,2581.22,new
Summit National,STMT-202602-SUMMIT-07,L-00183,POL-000183,Avery Moore,2025-05-23,2025-06-25,10505.56,1194.46,endorsement
Wilson Mutual,STMT-202602-WILSON-07,L-00184,POL-000184,Maya Anderson,2025-05-30,2025-07-12,13127.06,828.32,endorsement
Northfield Specialty,STMT-202602-NORTHFIELD-07,L-00185,POL-000185,Morgan Thomas,2025-12-26,2026-01-02,13145.31,1245.42,new
Summit National,STMT-202602-SUMMIT-07,L-00186,POL-000186,Riley Garcia,2025-12-14,2025-12-30,5229.03,1109.30,renewal
Wilson Mutual,STMT-202602-WILSON-07,L-00187,POL-000187,Riley Davis,2025-03-26,2025-05-02,4193.18,664.92,endorsement
Northfield Specialty,STMT-202602-NORTHFIELD-07,L-00188,POL-000188,John Johnson,2025-12-31,2026-02-10,19367.15,-1343.60,clawback
Summit National,STMT-202602-SUMMIT-07,L-00189,POL-000189,Riley Garcia,2025-03-01,2025-03-20,12280.44,2269.96,endorsement
Wilson Mutual,STMT-202602-WILSON-08,L-00190,POL-000190,Maya Smith,2025-11-04,2025-12-02,10624.29,1313.16,renewal
Northfield Specialty,STMT-202602-NORTHFIELD-08,L-00191,POL-000191,Jordan Wilson,2025-07-03,2025-07-11,19112.36,2536.14,new
Summit National,STMT-202602-SUMMIT-08,L-00192,POL-000192,Maya Garcia,2025-06-07,2025-06-22,3865.59,-150.49,clawback
Wilson Mutual,STMT-202602-WILSON-08,L-00193,POL-000193,Taylor Davis,2025-05-13,2025-06-14,11883.65,2355.74,renewal
Northfield Specialty,STMT-202602-NORTHFIELD-08,L-00194,POL-000194,Riley Anderson,2025-09-22,2025-10-05,14750.27,719.20,renewal
Summit National,STMT-202602-SUMMIT-08,L-00195,POL-000195,Riley Smith,2025-11-29,2025-12-26,3694.80,323.68,renewal
Wilson Mutual,STMT-202602-WILSON-08,L-00196,POL-000196,Morgan Smith,2025-04-07,2025-05-12,5188.52,724.21,new
Northfield Specialty,STMT-202602-NORTHFIELD-08,L-00197,POL-000197,Sam Clark,2025-11-24,2025-12-02,24387.04,2704.59,renewal
Summit National,STMT-202602-SUMMIT-08,L-00198,POL-000198,Taylor Clark,2025-05-08,2025-06-02,12701.92,611.66,new
Wilson Mutual,STMT-202602-WILSON-08,L-00199,POL-000199,Riley Anderson,2025-11-08,2025-12-16,22371.04,1457.71,endorsement
Northfield Specialty,STMT-202602-NORTHFIELD-08,L-00200,POL-000200,Sam Garcia,2025-03-26,2025-04-16,12879.95,1696.91,renewal
Summit National,STMT-202602-SUMMIT-08,L-00201,POL-000201,John Wilson,2025-08-07,2025-09-19,3096.27,356.00,renewal
Wilson Mutual,STMT-202602-WILSON-08,L-00202,POL-000202,Avery Clark,2025-04-03,2025-04-17,18146.44,2631.85,new
Northfield Specialty,STMT-202602-NORTHFIELD-08,L-00203,POL-000203,Taylor Smith,2025-04-05,2025-05-19,3103.43,134.72,renewal
Summit National,STMT-202602-SUMMIT-08,L-00204,POL-000207,Taylor Moore,2025-05-12,2025-06-20,23044.82,4542.30,endorsement
Wilson Mutual,STMT-202602-WILSON-08,L-00205,POL-000205,Riley Wilson,2025-02-18,2025-03-20,13326.74,1285.70,new
Northfield Specialty,STMT-202602-NORTHFIELD-08,L-00206,POL-000206,Avery Clark,2025-05-21,2025-06-02,23950.50,2160.84,renewal
Summit National,STMT-202602-SUMMIT-08,L-00207,POL-000207,Taylor Anderson,2025-08-14,2025-09-13,8980.56,1868.55,endorsement
Wilson Mutual,STMT-202602-WILSON-08,L-00208,POL-000208,Sam Thomas,2025-07-13,2025-09-03,20532.09,4349.30,new
Northfield Specialty,STMT-202602-NORTHFIELD-08,L-00209,POL-000209,Alex Garcia,2025-05-23,2025-06-05,5370.87,735.51,endorsement
Summit National,STMT-202602-SUMMIT-08,L-00210,POL-000210,Maya Clark,2025-03-29,2025-04-13,6364.47,1021.94,endorsement
Wilson Mutual,STMT-202602-WILSON-08,L-00211,POL-000211,Maya Moore,2025-08-07,2025-09-21,12021.14,1954.81,new
Northfield Specialty,STMT-202602-NORTHFIELD-08,L-00212,POL-000215,Alex Anderson,2025-02-24,2025-03-08,18995.41,1741.96,renewal
Summit National,STMT-202602-SUMMIT-08,L-00213,POL-000213,Chris Moore,2025-10-25,2025-10-27,24930.43,2778.72,renewal
Wilson Mutual,STMT-202602-WILSON-08,L-00214,POL-000214,John Garcia,2025-04-08,2025-05-16,3039.60,659.41,renewal
Northfield Specialty,STMT-202602-NORTHFIELD-08,L-00215,POL-000215,Riley Anderson,2025-09-06,2025-09-18,20296.82,2020.00,endorsement
Summit National,STMT-202602-SUMMIT-08,L-00216,POL-000216,John Wilson,2025-08-25,2025-09-30,16990.27,1270.35,endorsement
Wilson Mutual,STMT-202602-WILSON-09,L-00217,POL-000217,Morgan Johnson,2025-10-21,2025-10-29,12145.37,2531.69,new
Northfield Specialty,STMT-202602-NORTHFIELD-09,L-00218,POL-000218,Alex Garcia,2025-08-08,2025-08-27,14728.53,2107.92,renewal
Summit National,STMT-202602-SUMMIT-09,L-00219,POL-000219,John Johnson,2025-05-30,2025-06-18,4329.03,707.77,endorsement
Wilson Mutual,STMT-202602-WILSON-09,L-00220,POL-000220,Jordan Clark,2025-10-02,2025-10-16,23951.07,-2299.52,clawback
Northfield Specialty,STMT-202602-NORTHFIELD-09,L-00221,POL-000221,Taylor Clark,2025-12-13,2026-01-15,11390.00,1898.46,new
Summit National,STMT-202602-SUMMIT-09,L-00222,POL-000222,Riley Thomas,2025-10-12,2025-11-17,13601.84,946.92,endorsement
Wilson Mutual,STMT-202602-WILSON-09,L-00223,POL-000223,Sam Anderson,2025-12-08,2026-01-09,11358.87,568.11,new
Northfield Specialty,STMT-202602-NORTHFIELD-09,L-00224,POL-000224,Sam Smith,2025-04-12,2025-05-11,16950.09,1618.23,new
Summit National,STMT-202602-SUMMIT-09,L-00225,POL-000225,Sam Johnson,2025-12-31,2026-01-27,8875.41,456.88,new
Wilson Mutual,STMT-202602-WILSON-09,L-00226,POL-000226,Avery Moore,2025-10-23,2025-10-31,19239.36,4157.63,endorsement
Northfield Specialty,STMT-202602-NORTHFIELD-09,L-00227,POL-000227,Alex Moore,2025-07-15,2025-07-20,17195.17,2736.14,endorsement
Summit National,STMT-202602-SUMMIT-09,L-00228,POL-000221,Chris Thomas,2025-07-06,2025-08-08,3532.74,763.67,new
Wilson Mutual,STMT-202602-WILSON-09,L-00229,POL-000229,Riley Moore,2025-09-28,2025-10-13,11731.38,796.82,new
Northfield Specialty,STMT-202602-NORTHFIELD-09,L-00230,POL-000230,Morgan Clark,2026-01-15,2026-01-30,5469.61,318.12,new
Summit National,STMT-202602-SUMMIT-09,L-00231,POL-000231,John Moore,2025-06-13,2025-06-27,13678.09,2404.46,new
Wilson Mutual,STMT-202602-WILSON-09,L-00232,POL-000232,Sam Wilson,2025-04-03,2025-06-14,19404.44,3634.62,new
Northfield Specialty,STMT-202602-NORTHFIELD-09,L-00233,POL-000233,Avery Garcia,2025-12-23,2026-01-27,23733.60,4707.52,new
Summit National,STMT-202602-SUMMIT-09,L-00234,POL-000234,John Wilson,2025-02-28,2025-04-11,9776.40,1313.98,endorsement
Wilson Mutual,STMT-202602-WILSON-09,L-00235,POL-000235,Avery Moore,2025-10-21,2025-11-24,12048.56,2323.94,renewal
Northfield Specialty,STMT-202602-NORTHFIELD-09,L-00236,POL-000236,John Thomas,2025-06-26,2025-08-29,14109.25,904.92,new
Summit National,STMT-202602-SUMMIT-09,L-00237,POL-000237,Jordan Johnson,2025-04-24,2025-05-06,1667.80,179.94,endorsement
Wilson Mutual,STMT-202602-WILSON-09,L-00238,POL-000238,Taylor Clark,2025-02-14,2025-03-21,5738.61,445.32,renewal
Northfield Specialty,STMT-202602-NORTHFIELD-09,L-00239,POL-000239,Taylor Johnson,2025-05-23,2025-06-07,17512.41,2918.94,renewal
Summit National,STMT-202602-SUMMIT-09,L-00240,POL-000240,Morgan Anderson,2025-04-25,2025-06-05,9237.79,804.44,endorsement
Wilson Mutual,STMT-202602-WILSON-09,L-00241,POL-000241,Jordan Brown,2025-07-18,2025-08-07,10582.68,1494.85,new
Northfield Specialty,STMT-202602-NORTHFIELD-09,L-00242,POL-000242,Avery Thomas,2025-03-30,2025-05-06,18112.29,1686.88,new
Summit National,STMT-202602-SUMMIT-09,L-00243,POL-000243,Sam Brown,2025-05-13,2025-06-17,16503.36,2694.54,renewal
Wilson Mutual,STMT-202602-WILSON-10,L-00244,POL-000247,Chris Wilson,2025-10-29,2025-11-06,18119.71,2317.46,endorsement
Northfield Specialty,STMT-202602-NORTHFIELD-10,L-00245,POL-000245,John Smith,2025-06-26,2025-07-04,21126.60,1725.16,endorsement
Summit National,STMT-202602-SUMMIT-10,L-00246,POL-000246,Riley Anderson,2025-07-16,2025-07-19,15598.75,2496.05,endorsement
Wilson Mutual,STMT-202602-WILSON-10,L-00247,POL-000247,John Thomas,2025-04-16,2025-05-12,691.53,93.56,renewal
Northfield Specialty,STMT-202602-NORTHFIELD-10,L-00248,POL-000248,"Moore, Riley",2025-10-24,2025-10-30,22984.00,3088.81,new
Summit National,STMT-202602-SUMMIT-10,L-00249,POL-000249,Avery Moore,2025-12-14,2026-01-06,23998.73,2942.71,new
Wilson Mutual,STMT-202602-WILSON-10,L-00250,POL-000250,Maya Smith,2025-12-07,2026-01-01,9729.89,1357.19,new
Northfield Specialty,STMT-202602-NORTHFIELD-10,L-00251,POL-000251,Maya Anderson,2025-06-15,2025-07-26,19695.66,2793.91,new
Summit National,STMT-202602-SUMMIT-10,L-00252,POL-000252,Taylor Clark,2025-05-25,2025-06-11,1545.42,-73.79,clawback
Wilson Mutual,STMT-202602-WILSON-10,L-00253,POL-000253,John Brown,2025-03-29,2025-04-07,18905.46,3181.56,renewal
Northfield Specialty,STMT-202602-NORTHFIELD-10,L-00254,POL-000254,Sam Brown,2025-04-08,2025-05-02,17055.06,2341.68,renewal
Summit National,STMT-202602-SUMMIT-10,L-00255,POL-000255,Riley Wilson,2025-12-27,2026-01-02,11152.37,2129.67,renewal
Wilson Mutual,STMT-202602-WILSON-10,L-00256,POL-000256,John Garcia,2025-06-07,2025-07-08,6012.20,838.98,renewal
Northfield Specialty,STMT-202602-NORTHFIELD-10,L-00257,POL-000257,Sam Garcia,2025-09-19,2025-11-03,2208.26,194.85,renewal
Summit National,STMT-202602-SUMMIT-10,L-00258,POL-000258,Jordan Wilson,2025-11-30,2025-12-05,527.80,50.40,renewal
Wilson Mutual,STMT-202602-WILSON-10,L-00259,POL-000259,Maya Davis,2025-06-17,2025-07-15,14101.83,1864.82,new
Northfield Specialty,STMT-202602-NORTHFIELD-10,L-00260,POL-000260,Riley Johnson,2025-03-24,2025-06-21,19697.19,3850.20,new
Summit National,STMT-202602-SUMMIT-10,L-00261,POL-000261,Sam Thomas,2025-10-29,2025-12-11,9766.01,634.70,renewal
Wilson Mutual,STMT-202602-WILSON-10,L-00262,POL-000262,Maya Davis,2025-06-15,2025-07-02,10759.12,1368.15,new
Northfield Specialty,STMT-202602-NORTHFIELD-10,L-00263,POL-000263,Alex Clark,2025-03-14,2025-03-26,11663.40,750.98,new
Summit National,STMT-202602-SUMMIT-10,L-00264,POL-000264,"Anderson, Jordan",2025-08-05,2025-09-01,20460.70,3983.93,endorsement
Wilson Mutual,STMT-202602-WILSON-10,L-00265,POL-000265,Alex Wilson,2025-10-25,2025-11-19,24230.64,2240.38,endorsement
Northfield Specialty,STMT-202602-NORTHFIELD-10,L-00266,POL-000266,Jordan Moore,2025-09-02,2025-09-27,9379.38,1948.77,new
Summit National,STMT-202602-SUMMIT-10,L-00267,POL-000267,Alex Brown,2025-06-13,2025-07-01,20849.53,1093.53,renewal
Wilson Mutual,STMT-202602-WILSON-10,L-00268,POL-000261,Avery Brown,2025-09-16,2025-10-28,4191.92,486.95,renewal
Northfield Specialty,STMT-202602-NORTHFIELD-10,L-00269,POL-000269,Riley Thomas,2025-02-03,2025-03-01,13773.67,2511.35,renewal
Summit National,STMT-202602-SUMMIT-10,L-00270,POL-000270,Taylor Wilson,2025-10-30,2025-12-10,15471.88,2187.41,endorsement
Wilson Mutual,STMT-202602-WILSON-11,L-00271,POL-000271,Morgan Johnson,2026-01-18,2026-01-24,6764.96,892.45,endorsement
Northfield Specialty,STMT-202602-NORTHFIELD-11,L-00272,POL-000275,Jordan Moore,2025-05-31,2025-07-13,14879.31,1935.56,renewal
Summit National,STMT-202602-SUMMIT-11,L-00273,POL-000273,Morgan Johnson,2025-11-25,2025-12-04,8968.88,912.60,new
Wilson Mutual,STMT-202602-WILSON-11,L-00274,POL-000274,Alex Johnson,2025-06-13,2025-07-27,11530.20,600.62,new
Northfield Specialty,STMT-202602-NORTHFIELD-11,L-00275,POL-000275,Jordan Johnson,2025-02-11,2025-02-21,23276.09,4033.47,endorsement
Summit National,STMT-202602-SUMMIT-11,L-00276,POL-000276,Riley Moore,2025-06-01,2025-06-15,20024.79,3070.94,new
Wilson Mutual,STMT-202602-WILSON-11,L-00277,POL-000277,Alex Clark,2025-06-18,2025-07-12,509.47,40.08,renewal
Northfield Specialty,STMT-202602-NORTHFIELD-11,L-00278,POL-000278,Riley Davis,2025-07-20,2025-08-09,5248.03,317.57,endorsement
Summit National,STMT-202602-SUMMIT-11,L-00279,POL-000279,Sam Moore,2025-03-29,2025-04-05,8958.95,1721.85,endorsement
Wilson Mutual,STMT-202602-WILSON-11,L-00280,POL-000280,"Wilson, Chris",2025-11-24,2025-12-09,7912.35,577.19,endorsement
Northfield Specialty,STMT-202602-NORTHFIELD-11,L-00281,POL-000281,Sam Davis,2025-04-04,2025-04-28,10806.75,1378.95,endorsement
Summit National,STMT-202602-SUMMIT-11,L-00282,POL-000282,Alex Garcia,2025-11-13,2025-11-24,8138.67,986.25,new
Wilson Mutual,STMT-202602-WILSON-11,L-00283,POL-000283,Chris Brown,2025-07-11,2025-08-15,12833.78,1656.77,endorsement
Northfield Specialty,STMT-202602-NORTHFIELD-11,L-00284,POL-000287,Alex Davis,2025-12-12,2026-01-17,1159.17,205.16,renewal
Summit National,STMT-202602-SUMMIT-11,L-00285,POL-000285,Chris Anderson,2025-04-09,2025-05-10,13923.26,840.66,new
Wilson Mutual,STMT-202602-WILSON-11,L-00286,POL-000286,Alex Thomas,2025-10-04,2025-10-31,2919.44,552.98,new
Northfield Specialty,STMT-202602-NORTHFIELD-11,L-00287,POL-000287,Avery Wilson,2025-12-10,2026-01-07,21686.15,1325.66,new
Summit National,STMT-202602-SUMMIT-11,L-00288,POL-000288,Chris Clark,2025-11-13,2026-01-24,20412.83,3775.95,endorsement
Wilson Mutual,STMT-202602-WILSON-11,L-00289,POL-000289,Avery Garcia,2025-04-05,2025-04-22,23828.97,3159.60,endorsement
Northfield Specialty,STMT-202602-NORTHFIELD-11,L-00290,POL-000290,John Garcia,2025-02-22,2025-03-02,17655.09,1127.88,new
Summit National,STMT-202602-SUMMIT-11,L-00291,POL-000291,Morgan Anderson,2025-11-12,2025-12-18,15957.09,2441.54,renewal
Wilson Mutual,STMT-202602-WILSON-11,L-00292,POL-000292,Morgan Thomas,2025-09-03,2025-11-11,23433.87,2494.13,renewal
Northfield Specialty,STMT-202602-NORTHFIELD-11,L-00293,POL-000293,Jordan Johnson,2025-04-25,2025-05-20,5758.62,675.69,new
Summit National,STMT-202602-SUMMIT-11,L-00294,POL-000294,Avery Wilson,2025-04-18,2025-05-24,3612.62,698.81,renewal
Wilson Mutual,STMT-202602-WILSON-11,L-00295,POL-000295,Maya Anderson,2026-01-15,2026-01-22,23264.05,1592.12,renewal
Northfield Specialty,STMT-202602-NORTHFIELD-11,L-00296,POL-000296,Chris Garcia,2025-11-03,2025-12-25,2696.16,282.77,new
Summit National,STMT-202602-SUMMIT-11,L-00297,POL-000297,Taylor Moore,2025-02-22,2025-02-27,17710.97,711.90,renewal
Wilson Mutual,STMT-202602-WILSON-12,L-00298,POL-000298,Riley Anderson,2026-01-19,2026-01-19,17511.69,3276.08,renewal
Northfield Specialty,STMT-202602-NORTHFIELD-12,L-00299,POL-000299,Maya Brown,2025-07-11,2025-07-16,18376.78,1073.88,renewal
Summit National,STMT-202602-SUMMIT-12,L-00300,POL-000300,Morgan Davis,2025-03-01,2025-04-13,3914.19,-506.48,clawback
Wilson Mutual,STMT-202602-WILSON-12,L-00301,POL-000301,Chris Moore,2025-03-14,2025-04-26,11282.64,892.50,new
Northfield Specialty,STMT-202602-NORTHFIELD-12,L-00302,POL-000302,Jordan Moore,2025-08-15,2025-08-23,6495.54,1013.51,new
Summit National,STMT-202602-SUMMIT-12,L-00303,POL-000303,Avery Brown,2025-05-03,2025-06-10,12934.26,2258.48,renewal
Wilson Mutual,STMT-202602-WILSON-12,L-00304,POL-000307,Alex Moore,2025-11-27,2025-12-12,12689.73,1864.21,endorsement
Northfield Specialty,STMT-202602-NORTHFIELD-12,L-00305,POL-000305,Morgan Clark,2025-06-22,2025-07-15,13840.36,984.03,renewal
Summit National,STMT-202602-SUMMIT-12,L-00306,POL-000306,John Garcia,2025-10-05,2025-10-07,23095.45,4867.65,renewal
Wilson Mutual,STMT-202602-WILSON-12,L-00307,POL-000307,Morgan Moore,2025-12-12,2026-01-21,13599.49,2052.01,renewal
Northfield Specialty,STMT-202602-NORTHFIELD-12,L-00308,POL-000301,Riley Brown,2025-11-05,2025-12-09,8438.06,1228.23,endorsement
Summit National,STMT-202602-SUMMIT-12,L-00309,POL-000309,John Brown,2025-12-10,2026-01-06,3253.27,488.68,new
Wilson Mutual,STMT-202602-WILSON-12,L-00310,POL-000310,John Davis,2025-01-29,2025-01-29,4430.28,937.19,endorsement
Northfield Specialty,STMT-202602-NORTHFIELD-12,L-00311,POL-000311,Jordan Davis,2025-09-08,2025-09-15,19377.19,877.48,renewal
Summit National,STMT-202602-SUMMIT-12,L-00312,POL-000312,"Johnson, Sam",2025-05-14,2025-06-12,12965.23,647.99,endorsement
Wilson Mutual,STMT-202602-WILSON-12,L-00313,POL-000313,Maya Clark,2025-02-12,2025-02-19,6018.75,792.00,new
Northfield Specialty,STMT-202602-NORTHFIELD-12,L-00314,POL-000314,Alex Wilson,2025-07-11,2025-07-20,4802.44,1022.25,new
Summit National,STMT-202602-SUMMIT-12,L-00315,POL-000315,Jordan Brown,2025-06-24,2025-07-14,7072.95,382.08,renewal
Wilson Mutual,STMT-202602-WILSON-12,L-00316,POL-000316,Taylor Thomas,2025-12-31,2026-03-11,2095.59,259.26,renewal
Northfield Specialty,STMT-202602-NORTHFIELD-12,L-00317,POL-000317,Jordan Brown,2025-08-27,2025-10-02,19698.88,3410.34,new
Summit National,STMT-202602-SUMMIT-12,L-00318,POL-000318,Taylor Thomas,2025-09-20,2025-09-29,556.90,63.38,new
Wilson Mutual,STMT-202602-WILSON-12,L-00319,POL-000319,Jordan Smith,2025-02-21,2025-03-17,21285.55,3637.67,new
Northfield Specialty,STMT-202602-NORTHFIELD-12,L-00320,POL-000320,Alex Smith,2025-11-12,2025-12-27,7283.70,-275.33,clawback
